<?xml version='1.0' encoding='UTF-8'?>
<!DOCTYPE sailpoint PUBLIC "sailpoint.dtd" "sailpoint.dtd">
<sailpoint>

  <ImportAction name="merge">
    <Configuration name="SystemConfiguration">
      <Attributes>
        <Map>
          <entry key='quickLinkCategories'>
            <value>
              <List>
                <QuickLinkCategory name="IDW Plugins" messageKey="IDW Plugins" enabled="true" />
              </List>
            </value>
          </entry>
        </Map>
      </Attributes>
    </Configuration>
  </ImportAction>

  <QuickLink action="external" category="IDW Plugins" messageKey="IDW Rule Runner Plugin" name="IDW Rule Runner Plugin" ordering="77">
    <Attributes>
      <Map>
        <entry key="url" value="plugins/pluginPage.jsf?pn=IDWRuleRunnerPlugin"/>
      </Map>
    </Attributes>
    <QuickLinkOptions allowSelf="true">
      <DynamicScopeRef>
        <Reference class="sailpoint.object.DynamicScope" name="SystemAdministration"/>
      </DynamicScopeRef>
    </QuickLinkOptions>
  </QuickLink>

</sailpoint>
