<?xml version='1.0' encoding='UTF-8'?>
<!DOCTYPE Plugin PUBLIC "sailpoint.dtd" "sailpoint.dtd">
<Plugin certificationLevel="None" displayName="IDW Rule Runner Plugin" minSystemVersion="8.2" name="IDWRuleRunnerPlugin" version="2025.1229.164933.v00faf8e" rightRequired="IDW_SP_RuleRunner">
    <Attributes>
        <Map>
            <entry key="minUpgradableVersion" value="1.0" />
            <entry key="fullPage">
                <value>
                    <FullPage title="IDW IIQ Rule Runner" />
                </value>
            </entry>
            <entry key="restResources">
                <value>
                    <List>
                        <String>com.identityworksllc.iiq.plugins.rrp.RuleRunnerResource</String>
                    </List>
                </value>
            </entry>
            <entry key="serviceExecutors">
                <value>
                    <List>
                        <String></String>
                    </List>
                </value>
            </entry>
            <entry key="settings">
                <value>
                    <List>
                        <Setting dataType="string" helpText="The path to the identityiq WEB-INF folder" label="WEB-INF Path" name="webinfPath"/>
                        <Setting dataType="boolean" helpText="Create a TaskResult for any rule execution" label="Create TaskResults for rule executions" name="createTaskResult"/>
                    </List>
                </value>
            </entry>
        </Map>
    </Attributes>
</Plugin>

